{
  "train_loss": [
    98060.95923978365,
    9648.7705854367,
    6617.456584284856,
    6417.190781500401,
    6280.353036107773,
    6197.495330028045,
    6026.0780285957535,
    5934.39781650641,
    5987.776413511619,
    5827.82994916867,
    5696.7214305388625,
    5753.216558994391,
    5806.6583508613785,
    5608.9072415865385,
    5577.538713191106,
    5614.771480618991,
    5604.95641025641,
    5446.779956680689,
    5441.4216358673875,
    5377.755560146234,
    5362.273891977164,
    5413.846493139023,
    5281.127094601362,
    5229.541843199118,
    5197.017270132212,
    5236.798595252404,
    5136.2656600560895,
    5195.431168619792,
    5107.135387870593,
    5195.32360151242,
    5090.124291366186,
    5112.562838040865,
    5129.940829076522,
    5072.910021033654,
    5065.178369140625,
    4980.991258513622,
    5082.665529847756,
    5100.465372095353,
    5007.6611716246,
    4899.603235176282
  ],
  "train_mae_abs": [
    237.90562438964844,
    70.88509368896484,
    58.095699310302734,
    56.996543884277344,
    56.23505401611328,
    55.450077056884766,
    54.81338882446289,
    54.294715881347656,
    54.43303298950195,
    53.777626037597656,
    53.5205192565918,
    53.31751251220703,
    53.32221603393555,
    52.457176208496094,
    52.44809341430664,
    52.73755645751953,
    52.69759750366211,
    51.84645462036133,
    51.76292419433594,
    51.214481353759766,
    51.268577575683594,
    51.69845199584961,
    50.83707809448242,
    50.55437088012695,
    50.19211959838867,
    50.59197235107422,
    50.091670989990234,
    50.42409896850586,
    49.87895965576172,
    50.081199645996094,
    49.79306411743164,
    49.890037536621094,
    49.980979919433594,
    49.6911735534668,
    49.73731231689453,
    49.40380859375,
    49.884849548339844,
    49.86528778076172,
    49.428802490234375,
    48.926734924316406
  ],
  "train_mae_em": [
    282.98529052734375,
    79.26585388183594,
    65.62859344482422,
    64.87244415283203,
    64.50645446777344,
    64.1627197265625,
    63.08329772949219,
    62.90347671508789,
    63.085365295410156,
    62.09907150268555,
    61.5291862487793,
    61.838260650634766,
    61.937530517578125,
    61.039615631103516,
    60.79906463623047,
    60.8337516784668,
    61.13462448120117,
    60.121795654296875,
    60.18534469604492,
    60.06821823120117,
    59.65008544921875,
    60.245479583740234,
    59.45244216918945,
    59.384700775146484,
    59.12460708618164,
    59.22429275512695,
    58.727542877197266,
    59.15546798706055,
    58.64878463745117,
    58.99053955078125,
    58.593406677246094,
    58.6247673034668,
    58.543846130371094,
    58.448570251464844,
    58.285884857177734,
    58.0756950378418,
    58.215309143066406,
    58.788902282714844,
    58.066184997558594,
    57.394832611083984
  ],
  "val_loss": [
    14656.79697265625,
    8368.10234375,
    6818.1965625,
    11868.59578125,
    10350.798974609375,
    18823.59564453125,
    10413.458618164062,
    7895.802958984375,
    6572.493757324219,
    9186.265600585937,
    6477.624609375,
    6881.540278320313,
    7354.17525390625,
    6317.416513671875,
    10302.469072265625,
    14178.226376953126,
    6533.31408203125,
    15610.558046875,
    11029.492861328124,
    6165.0887109375,
    5928.290645751953,
    13146.16603515625,
    6901.077529296875,
    8813.115244140625,
    5327.862424316406,
    7114.227407226563,
    7556.13271484375,
    6831.894516601563,
    5112.446005859375,
    9281.867353515625,
    7816.818623046875,
    5840.785534667969,
    5504.198522949218,
    6095.901748046875,
    7479.499624023438,
    8672.245932617188,
    5470.126242675781,
    5856.436906738281,
    7585.897360839844,
    8809.838115234375
  ],
  "val_mae_abs": [
    93.24104309082031,
    63.45756530761719,
    52.58736038208008,
    78.72722625732422,
    69.7411880493164,
    103.2916488647461,
    64.98509979248047,
    57.854373931884766,
    50.075279235839844,
    65.71221923828125,
    50.38691329956055,
    54.36751174926758,
    55.50380325317383,
    51.14173889160156,
    68.0464096069336,
    90.6803970336914,
    51.08879089355469,
    80.31257629394531,
    70.87255096435547,
    53.38013458251953,
    48.86369705200195,
    88.69552612304688,
    56.070213317871094,
    64.27232360839844,
    46.860836029052734,
    58.56690216064453,
    54.575477600097656,
    52.396453857421875,
    46.38245391845703,
    63.083560943603516,
    56.99586868286133,
    49.091182708740234,
    47.76588821411133,
    52.00664138793945,
    61.527462005615234,
    62.04975128173828,
    48.82633972167969,
    48.97816848754883,
    54.395809173583984,
    61.151554107666016
  ],
  "val_mae_em": [
    103.26043701171875,
    78.35975646972656,
    71.20709228515625,
    93.61670684814453,
    84.46310424804688,
    120.283203125,
    88.61131286621094,
    76.31643676757812,
    68.775634765625,
    83.67005157470703,
    67.50386810302734,
    69.09815979003906,
    72.71806335449219,
    66.43535614013672,
    86.74282836914062,
    103.21923828125,
    66.52240753173828,
    97.17704010009766,
    86.65058135986328,
    64.69745635986328,
    63.370697021484375,
    99.83290100097656,
    69.66272735595703,
    76.76460266113281,
    60.54690933227539,
    70.68720245361328,
    71.8999252319336,
    67.58443450927734,
    60.13604736328125,
    76.66077423095703,
    73.40882873535156,
    63.667327880859375,
    61.46335983276367,
    63.69648361206055,
    68.047119140625,
    74.44762420654297,
    61.489315032958984,
    64.64134216308594,
    71.28260040283203,
    78.32456970214844
  ]
}