{
  "train_loss": [
    26720.070496073768,
    16253.467020410406,
    14018.812799712276,
    12616.347583819534,
    12427.821458275055,
    11531.469143372362,
    11107.897106277973,
    10745.577406314938,
    10304.765485758671,
    9725.371513347187,
    9609.143695177629,
    9361.208823904051,
    8591.629586846628,
    8304.955688164362,
    8588.041793628117,
    8001.656360518902,
    7804.990445422394,
    7138.293615628996,
    7455.9886764955645,
    6943.191230793438,
    6766.497053453684,
    6520.016743925831,
    6299.106477156929,
    6098.435826606458,
    6036.947888776775,
    5705.498257922394,
    5520.043979030131,
    5610.346713405131,
    5456.668796392963,
    5627.760197085798
  ],
  "train_mae_abs": [
    114.26593017578125,
    89.82379913330078,
    82.94437408447266,
    79.31855773925781,
    77.794921875,
    75.14871978759766,
    73.56124877929688,
    72.3011474609375,
    70.63792419433594,
    68.40805053710938,
    67.9806900024414,
    67.12212371826172,
    64.3843994140625,
    63.427825927734375,
    64.27841186523438,
    62.341068267822266,
    61.849639892578125,
    59.118324279785156,
    60.11686325073242,
    58.102516174316406,
    57.45795440673828,
    56.38310241699219,
    55.30385208129883,
    54.466957092285156,
    53.920345306396484,
    52.55812454223633,
    52.188655853271484,
    51.76190948486328,
    51.603816986083984,
    52.18165588378906
  ],
  "train_mae_em": [
    129.57229614257812,
    102.88899993896484,
    95.80848693847656,
    91.40308380126953,
    90.72309875488281,
    87.11212158203125,
    85.64125061035156,
    84.33873748779297,
    82.79627227783203,
    79.9326400756836,
    79.60234069824219,
    78.94451141357422,
    75.34576416015625,
    74.29631042480469,
    75.13453674316406,
    73.11268615722656,
    71.90623474121094,
    69.08343505859375,
    70.4069595336914,
    67.87223052978516,
    67.3383560180664,
    66.32988739013672,
    64.77291107177734,
    64.08790588378906,
    63.684871673583984,
    61.84330368041992,
    61.58338165283203,
    61.04555892944336,
    60.704612731933594,
    61.43551254272461
  ],
  "val_loss": [
    14913.916214923469,
    11781.214086415815,
    11817.70016541773,
    12166.206184231505,
    12907.133948501276,
    8946.544373804209,
    9165.334841358419,
    23252.784139827807,
    8139.017832230548,
    10992.130759725766,
    7812.503457828444,
    7160.997349330357,
    7398.502590880102,
    11186.11497528699,
    8388.939732142857,
    5959.305913185587,
    6355.34168227838,
    8958.85446229273,
    6442.7999043367345,
    12061.576112085459,
    5246.021215322066,
    4833.688601124043,
    4862.891985212053,
    4383.332644092793,
    4790.847367267219,
    4069.0436164700254,
    4112.470005580357,
    5018.4948132573345,
    3570.510762117347,
    3485.092678770727
  ],
  "val_mae_abs": [
    91.14984893798828,
    77.09855651855469,
    74.3387222290039,
    75.59917449951172,
    81.55316162109375,
    65.56404113769531,
    68.61579132080078,
    121.89521789550781,
    60.51275634765625,
    78.23941040039062,
    61.827491760253906,
    59.978759765625,
    58.87567901611328,
    75.0419921875,
    67.70018005371094,
    52.93393325805664,
    53.4033317565918,
    68.28556823730469,
    55.14276885986328,
    81.84254455566406,
    50.66584014892578,
    48.1143913269043,
    46.124839782714844,
    45.05026626586914,
    49.10878372192383,
    44.84147644042969,
    44.307010650634766,
    50.75166320800781,
    43.0149040222168,
    40.63753128051758
  ],
  "val_mae_em": [
    105.5848159790039,
    87.39993286132812,
    85.45625305175781,
    89.76585388183594,
    88.23273468017578,
    78.4609146118164,
    80.43955993652344,
    140.6912841796875,
    71.07347869873047,
    92.53450775146484,
    72.0980224609375,
    70.97212982177734,
    69.58645629882812,
    90.51411437988281,
    77.34718322753906,
    61.59736633300781,
    63.14522933959961,
    78.58897399902344,
    63.08222198486328,
    85.70409393310547,
    58.690731048583984,
    56.83338928222656,
    57.228355407714844,
    54.60799026489258,
    56.64033508300781,
    51.51293182373047,
    52.105323791503906,
    58.93578338623047,
    48.43492889404297,
    48.59761047363281
  ]
}