target,n_estimators,max_depth,n_features,train_samples,val_samples,test_samples,train_MAE,train_RMSE,train_R2,val_MAE,val_RMSE,val_R2,test_MAE,test_RMSE,test_R2
Absorption max (nm),100,,204,12464,1629,1545,6.618732193260774,11.43948009645265,0.9865858985167737,27.775731658149393,41.21606500774199,0.7845976370610643,27.000966949203757,39.67782392509094,0.8507833237904856
