{
  "train_loss": [
    45499.56966228874,
    10878.14108338648,
    9332.115189532844,
    8156.548093211894,
    6587.291638432717,
    5043.867425412548,
    3692.2643744021047,
    2713.5026201520645,
    2174.4953980737805,
    1844.218145253707,
    1628.9891067816286,
    1514.6365496577048,
    1395.5818823989557,
    1344.063135886679,
    1267.045412336077,
    1147.2045680454798,
    1173.9178996183434,
    1213.7932776626276,
    1224.3821999686104,
    1102.1362781135404,
    1098.8436584472656,
    1089.8817970120176,
    1080.2832180723851,
    1138.3365325927734,
    1107.4705841687262,
    1014.3041154511121,
    1118.6473721874004,
    1026.3750080965003,
    999.7876779984455,
    1062.8611403484733,
    1010.4135321792292,
    1006.3807678222656,
    1011.1103640186543,
    1111.4286013233418,
    1001.4585213174626,
    1035.2148867237324,
    1009.3260681775151,
    1014.9689608204121,
    994.261025876415,
    976.1837809037189
  ],
  "train_mae_abs": [
    140.82261657714844,
    66.93118286132812,
    56.73200988769531,
    47.89784240722656,
    41.69717788696289,
    37.678104400634766,
    35.778228759765625,
    33.31901550292969,
    30.762109756469727,
    28.42494010925293,
    26.886838912963867,
    26.1746883392334,
    24.95838737487793,
    24.76622772216797,
    23.834869384765625,
    22.564573287963867,
    23.218454360961914,
    23.720806121826172,
    23.873506546020508,
    22.4520263671875,
    22.638824462890625,
    22.477649688720703,
    22.53256607055664,
    23.09052085876465,
    22.68757438659668,
    21.86826515197754,
    22.930675506591797,
    21.951061248779297,
    21.7707576751709,
    22.451948165893555,
    21.85649299621582,
    21.953025817871094,
    21.914453506469727,
    22.984779357910156,
    21.883987426757812,
    22.184282302856445,
    21.961135864257812,
    21.865224838256836,
    21.744935989379883,
    21.481985092163086
  ],
  "train_mae_em": [
    163.37184143066406,
    91.6489028930664,
    90.03047943115234,
    87.67555236816406,
    80.13665771484375,
    69.5501480102539,
    56.92982482910156,
    46.49628448486328,
    40.39425277709961,
    37.01288604736328,
    34.43035125732422,
    33.09431838989258,
    32.043548583984375,
    31.20795440673828,
    30.273900985717773,
    28.94464683532715,
    29.08123207092285,
    29.337238311767578,
    29.49732208251953,
    28.149423599243164,
    27.945964813232422,
    27.824920654296875,
    27.66053581237793,
    28.32672882080078,
    27.945228576660156,
    26.83383560180664,
    28.342506408691406,
    26.963104248046875,
    26.585981369018555,
    27.26388931274414,
    26.71175765991211,
    26.63935089111328,
    26.714128494262695,
    28.070682525634766,
    26.449254989624023,
    27.049434661865234,
    26.586185455322266,
    26.707414627075195,
    26.535371780395508,
    26.22081756591797
  ],
  "val_loss": [
    11740.9849609375,
    9225.3428515625,
    9945.1696875,
    7267.32787109375,
    6322.7637890625,
    4374.59408203125,
    3287.87302734375,
    2472.32482421875,
    2256.4708251953125,
    2411.7287353515626,
    1824.033720703125,
    1728.8222924804688,
    1689.1213745117188,
    1743.245859375,
    1562.7517651367189,
    1646.8427807617188,
    1594.6598168945313,
    1765.17716796875,
    1509.1317895507811,
    1465.2668798828124,
    1477.813662109375,
    1486.9709350585938,
    1623.6791259765625,
    1563.3144848632812,
    1476.8564306640626,
    1469.7111572265626,
    1624.77935546875,
    1388.212783203125,
    1708.343759765625,
    1422.5477124023437,
    1400.2759814453125,
    1342.609423828125,
    1385.940361328125,
    1486.6089868164063,
    1658.1589965820312,
    1410.721708984375,
    1394.4956201171874,
    1414.3854711914062,
    1392.266611328125,
    1476.3371459960938
  ],
  "val_mae_abs": [
    78.18734741210938,
    60.32051086425781,
    54.704689025878906,
    44.81256866455078,
    43.879661560058594,
    35.600460052490234,
    33.37836837768555,
    31.373537063598633,
    30.899250030517578,
    34.678287506103516,
    28.912107467651367,
    26.97264289855957,
    28.01871109008789,
    29.408462524414062,
    26.67453956604004,
    28.34488296508789,
    27.248523712158203,
    28.529264450073242,
    25.52618980407715,
    26.64706039428711,
    24.76609992980957,
    25.701801300048828,
    28.111652374267578,
    26.1884765625,
    25.904682159423828,
    25.894424438476562,
    27.717823028564453,
    25.39299774169922,
    30.525165557861328,
    23.82202911376953,
    24.618589401245117,
    23.674787521362305,
    24.732912063598633,
    27.412216186523438,
    28.04660987854004,
    25.080976486206055,
    24.54793357849121,
    25.103675842285156,
    25.170631408691406,
    25.35712242126465
  ],
  "val_mae_em": [
    91.16461944580078,
    88.41804504394531,
    101.20751953125,
    82.30902862548828,
    75.9324951171875,
    65.2701644897461,
    53.8209114074707,
    44.12331771850586,
    40.47466278076172,
    40.04029083251953,
    35.11843490600586,
    34.377410888671875,
    32.40602493286133,
    33.19197463989258,
    32.273319244384766,
    32.097190856933594,
    31.646503448486328,
    34.215599060058594,
    31.628568649291992,
    30.71797752380371,
    33.221004486083984,
    30.889551162719727,
    32.63066482543945,
    32.40663528442383,
    32.21640396118164,
    30.860454559326172,
    31.85390853881836,
    30.123186111450195,
    31.684314727783203,
    31.305776596069336,
    31.067106246948242,
    30.46394157409668,
    30.05079460144043,
    31.384029388427734,
    32.4034309387207,
    30.072708129882812,
    31.39554214477539,
    30.5804386138916,
    29.49750518798828,
    31.12955093383789
  ]
}