{
  "train_loss": [
    34947.07223056891,
    13453.179579827724,
    11279.48196113782,
    10428.35426181891,
    9860.448440004006,
    10377.844981971153,
    9083.536578525642,
    8840.95530849359,
    8865.825693609775,
    8480.25152744391,
    8449.721172626201,
    8078.538361378205,
    7581.074994991987,
    7439.90699619391,
    7338.509680488782,
    7114.4942883613785,
    7353.948685396635,
    6985.030193309295,
    6648.113770783253,
    6631.096175130208,
    6418.244560046073,
    6126.834367487981,
    6484.808559945914,
    6330.531151091747,
    5820.542276392228,
    6087.007291666667,
    5899.550560897436,
    5651.47965619992,
    5613.91321113782,
    5481.811880258413,
    5451.399944911859,
    5318.193095202324,
    5201.891332381811,
    5225.463524138622,
    5263.722112880609,
    5060.907279146634,
    4921.371854967949,
    5096.430314753606,
    5032.791801883013,
    4982.125078876202
  ],
  "train_mae_abs": [
    126.38397979736328,
    82.84877014160156,
    74.96228790283203,
    71.51657104492188,
    70.07666778564453,
    71.15174865722656,
    66.93880462646484,
    66.1281967163086,
    65.99278259277344,
    64.16336059570312,
    64.38204956054688,
    62.80459213256836,
    60.858123779296875,
    60.269187927246094,
    60.27726745605469,
    58.746585845947266,
    59.913761138916016,
    58.338077545166016,
    56.86518859863281,
    56.80718231201172,
    55.85369110107422,
    54.53444290161133,
    55.12785339355469,
    55.06775665283203,
    52.862327575683594,
    53.60898208618164,
    53.41119384765625,
    51.90055465698242,
    51.6579704284668,
    51.05867385864258,
    50.65437316894531,
    50.26496124267578,
    49.798919677734375,
    49.704341888427734,
    49.50624084472656,
    48.95860290527344,
    48.524662017822266,
    49.072444915771484,
    48.865478515625,
    48.626590728759766
  ],
  "train_mae_em": [
    150.8111114501953,
    95.27985382080078,
    86.960693359375,
    83.14667510986328,
    81.31398010253906,
    82.92240905761719,
    77.6061782836914,
    76.80358123779297,
    77.09566497802734,
    75.13310241699219,
    75.49020385742188,
    73.4835205078125,
    71.54074096679688,
    70.69759368896484,
    70.44268798828125,
    69.296630859375,
    70.47843933105469,
    68.42861938476562,
    67.13472747802734,
    66.78499603271484,
    65.857666015625,
    64.27154541015625,
    65.90835571289062,
    65.6058349609375,
    62.61207580566406,
    64.30154418945312,
    63.489295959472656,
    61.49555587768555,
    61.707618713378906,
    60.57516860961914,
    60.42496871948242,
    60.11048126220703,
    59.141597747802734,
    59.43708419799805,
    59.533119201660156,
    58.40164566040039,
    57.76708221435547,
    59.032203674316406,
    58.46658706665039,
    57.79051208496094
  ],
  "val_loss": [
    11258.5034375,
    54292.2319140625,
    11292.29203125,
    15740.0733984375,
    7383.0554296875,
    8070.145283203125,
    6550.442548828125,
    7902.75765625,
    10070.554189453125,
    6260.801899414062,
    6262.735439453125,
    4833.266528320312,
    6260.103291015625,
    6470.889873046875,
    11916.687666015625,
    5785.4232421875,
    6093.382578125,
    5967.434467773437,
    6192.625668945312,
    5737.881928710937,
    5265.259106445313,
    4011.920319824219,
    6920.03228515625,
    6449.905634765625,
    12480.91060546875,
    5605.57158203125,
    4160.6915234375,
    7018.113310546875,
    4586.070327148437,
    4106.794936523437,
    4694.114482421875,
    4283.4625634765625,
    4296.4068286132815,
    3911.708117675781,
    4616.125864257812,
    4534.164790039063,
    5259.9219921875,
    4768.82552734375,
    4166.833786621094,
    4234.639938964844
  ],
  "val_mae_abs": [
    76.93849182128906,
    175.31564331054688,
    76.59530639648438,
    96.69802856445312,
    62.7460823059082,
    63.3264045715332,
    57.74425506591797,
    65.68167114257812,
    76.1443099975586,
    55.72688674926758,
    57.683406829833984,
    48.56216049194336,
    57.63545608520508,
    56.116310119628906,
    84.69390869140625,
    56.18310546875,
    53.892574310302734,
    55.52930450439453,
    55.58721160888672,
    55.082252502441406,
    51.15487289428711,
    43.755889892578125,
    60.5692253112793,
    59.07904052734375,
    83.56745147705078,
    54.36510467529297,
    43.98317337036133,
    62.30080032348633,
    45.69508361816406,
    45.348262786865234,
    48.6344108581543,
    45.77025604248047,
    45.73564910888672,
    43.076473236083984,
    47.53950500488281,
    48.40959930419922,
    49.980438232421875,
    45.88737869262695,
    44.43213653564453,
    44.394508361816406
  ],
  "val_mae_em": [
    84.54631805419922,
    198.38406372070312,
    94.6429672241211,
    102.32954406738281,
    70.14268493652344,
    70.89321899414062,
    63.72425079345703,
    70.80970001220703,
    82.50135040283203,
    62.91514587402344,
    63.59144973754883,
    55.63862991333008,
    64.22451782226562,
    65.76615905761719,
    91.68914794921875,
    63.23889923095703,
    66.47747802734375,
    63.124359130859375,
    63.419063568115234,
    62.119651794433594,
    58.30588912963867,
    51.019474029541016,
    68.13362884521484,
    67.05240631103516,
    96.53507995605469,
    60.88513946533203,
    52.12174987792969,
    67.23651885986328,
    55.63943099975586,
    50.287818908691406,
    55.84396743774414,
    52.62890625,
    53.33125305175781,
    51.1046142578125,
    55.81801223754883,
    53.91578674316406,
    60.303016662597656,
    55.50338363647461,
    52.386070251464844,
    52.26362991333008
  ]
}