{
  "train_loss": [
    75314.43782552083,
    16418.134845753204,
    11579.951995693109,
    9971.012707832531,
    8897.9482421875,
    7994.5276642628205,
    7404.257542067307,
    6800.429149138622,
    6013.496081229968,
    5493.927154697516,
    4802.55228490585,
    4100.189693509616,
    3674.0630621494392,
    3065.999884815705,
    2660.3216358673876,
    2197.6481795873397,
    1904.9350335536858,
    1797.3107522035257,
    1509.8816806891025,
    1399.740725786258,
    1448.2898346729767,
    1310.316595302484,
    1238.8211043920273,
    1303.2633864182692,
    1190.772961738782,
    1129.9317861703726,
    1122.1430811172877,
    1230.8787600786259,
    1136.4383131760817,
    1088.5939158904246,
    1118.5162948217148,
    1049.195290276943,
    1036.3232619065504,
    1060.7745805789264,
    1049.093904622396,
    1098.3913483448518,
    1055.7298947065306,
    1188.1315799028446,
    1077.6401961889023,
    1041.6024094801683
  ],
  "train_mae_abs": [
    204.02456665039062,
    98.70392608642578,
    73.1890640258789,
    63.29341506958008,
    55.80516052246094,
    49.20351791381836,
    46.02881622314453,
    41.68294906616211,
    36.65901184082031,
    35.280914306640625,
    32.07139205932617,
    29.590091705322266,
    30.951948165893555,
    29.289533615112305,
    29.47925567626953,
    27.56325912475586,
    27.057071685791016,
    27.628520965576172,
    25.15624237060547,
    24.51350975036621,
    25.51355743408203,
    24.221147537231445,
    23.678386688232422,
    24.671268463134766,
    23.365455627441406,
    22.719385147094727,
    22.78734588623047,
    24.28080177307129,
    23.11528205871582,
    22.47917938232422,
    23.006242752075195,
    22.18035888671875,
    22.018829345703125,
    22.553115844726562,
    22.2254695892334,
    22.869873046875,
    22.35662269592285,
    24.110031127929688,
    22.59454917907715,
    22.2794189453125
  ],
  "train_mae_em": [
    217.43479919433594,
    97.5441665649414,
    90.92923736572266,
    89.40802764892578,
    87.54572296142578,
    86.15611267089844,
    84.03226470947266,
    81.71953582763672,
    78.61013793945312,
    74.99870300292969,
    70.88719177246094,
    65.61389923095703,
    60.657859802246094,
    54.64677810668945,
    49.642555236816406,
    43.99425506591797,
    39.89936828613281,
    37.28239440917969,
    34.15753936767578,
    32.50912094116211,
    32.36619567871094,
    30.748655319213867,
    29.808483123779297,
    30.190975189208984,
    29.26662826538086,
    28.44949722290039,
    28.176801681518555,
    29.32316017150879,
    28.28207778930664,
    27.647354125976562,
    28.002662658691406,
    27.222810745239258,
    27.01191520690918,
    27.189096450805664,
    27.00710105895996,
    27.605905532836914,
    26.995161056518555,
    28.583484649658203,
    27.486391067504883,
    26.893754959106445
  ],
  "val_loss": [
    24682.218712439902,
    12198.798846905049,
    9949.37911283053,
    9019.23319185697,
    8506.41524564303,
    7010.797823392428,
    6806.876399113582,
    6218.302894005408,
    6094.7938232421875,
    5250.78715632512,
    4747.653944749099,
    4636.109713040865,
    3728.623943622296,
    3380.0889798677886,
    3346.271005483774,
    2915.159367487981,
    3235.1026752178486,
    3133.0520442082334,
    2763.6825514573316,
    2699.799799992488,
    2990.298109788161,
    2544.967287503756,
    2643.0697725736177,
    2447.140357384315,
    2507.6102905273438,
    2561.9978449894834,
    2496.335172213041,
    2451.005141038161,
    2547.1499915489785,
    2552.120304987981,
    2677.253385103666,
    2542.8958552433896,
    2632.432790902945,
    2474.7442861703726,
    2422.0967806302583,
    2403.9007756159854,
    2609.3179556039663,
    2349.7367741511416,
    2821.913095327524,
    2485.2214965820312
  ],
  "val_mae_abs": [
    140.02853393554688,
    79.8268051147461,
    65.3515853881836,
    66.06139373779297,
    56.444610595703125,
    51.35401153564453,
    49.276912689208984,
    46.03972244262695,
    43.34574890136719,
    39.30964660644531,
    36.41061019897461,
    37.760887145996094,
    35.8747444152832,
    36.65874481201172,
    38.11410903930664,
    35.50300216674805,
    38.33472442626953,
    40.63920593261719,
    33.951480865478516,
    35.91521453857422,
    38.433189392089844,
    33.80824661254883,
    33.10548400878906,
    32.27850341796875,
    34.09771728515625,
    32.74662780761719,
    32.044315338134766,
    32.231754302978516,
    32.635589599609375,
    32.78226089477539,
    34.023033142089844,
    33.73640060424805,
    33.45994186401367,
    34.192466735839844,
    31.837438583374023,
    32.44474411010742,
    33.23944854736328,
    32.20686721801758,
    35.077396392822266,
    32.340362548828125
  ],
  "val_mae_em": [
    97.52986907958984,
    83.35568237304688,
    84.10106658935547,
    77.31513977050781,
    83.73590850830078,
    74.89862823486328,
    73.1168441772461,
    71.49077606201172,
    70.13997650146484,
    67.417724609375,
    63.807167053222656,
    61.93517303466797,
    56.337337493896484,
    52.107086181640625,
    50.3211555480957,
    45.69120407104492,
    47.06011962890625,
    45.514408111572266,
    43.74701690673828,
    43.253299713134766,
    43.47439956665039,
    42.226593017578125,
    42.93138122558594,
    41.126136779785156,
    41.79545211791992,
    40.82381057739258,
    40.79950714111328,
    41.057464599609375,
    40.63703918457031,
    42.18496322631836,
    41.94425582885742,
    40.966793060302734,
    41.13707733154297,
    40.358280181884766,
    40.51826095581055,
    40.23698806762695,
    42.061500549316406,
    39.436363220214844,
    43.3963508605957,
    40.90175247192383
  ]
}