{
  "train_loss": [
    96439.69986979167,
    9029.20397636218,
    6229.968911508414,
    5711.630478766026,
    5470.537605168269,
    5400.595766977163,
    5166.773411207932,
    5061.127043269231,
    4997.742044771635,
    4866.499692007212,
    4914.25670698117,
    4702.525693609776,
    4786.927715594952,
    4595.481119791667,
    4573.707751151843,
    4558.190755208333,
    4399.588928535657,
    4422.096895032051,
    4442.265508563702,
    4355.276934344952,
    4382.38567958734,
    4367.235975060096,
    4266.063137269632,
    4208.106469100561,
    4168.912923177083,
    4158.761171624599,
    4113.120625500801,
    4016.6434845753206,
    4075.168359375,
    4021.0522536057692,
    4010.660546875,
    3902.468623547676,
    3935.590106670673,
    3988.8431828425482,
    3924.268822616186,
    3908.126891776843,
    3899.6168319310896,
    3852.289081280048,
    3833.5761831430286,
    3894.036107772436
  ],
  "train_mae_abs": [
    234.60472106933594,
    68.07842254638672,
    56.053287506103516,
    53.44266128540039,
    52.07048416137695,
    51.84316635131836,
    50.408485412597656,
    50.112674713134766,
    50.05131530761719,
    48.822410583496094,
    49.31513977050781,
    47.99531936645508,
    48.60210037231445,
    47.75407028198242,
    47.640865325927734,
    47.430206298828125,
    46.75279998779297,
    46.733211517333984,
    46.83731460571289,
    46.136878967285156,
    46.56636428833008,
    46.51078414916992,
    45.96213150024414,
    45.677085876464844,
    45.625144958496094,
    45.23487854003906,
    45.09165573120117,
    44.490787506103516,
    44.258235931396484,
    44.42929458618164,
    44.47743225097656,
    44.00687026977539,
    44.278072357177734,
    44.36942672729492,
    43.57026290893555,
    43.934043884277344,
    43.76751708984375,
    43.52177047729492,
    43.2715950012207,
    43.717254638671875
  ],
  "train_mae_em": [
    278.37359619140625,
    77.8134536743164,
    64.77589416503906,
    61.99515151977539,
    60.6462516784668,
    60.464317321777344,
    59.13134765625,
    58.388587951660156,
    58.06563949584961,
    57.534976959228516,
    57.887451171875,
    56.680023193359375,
    56.90822219848633,
    55.96384811401367,
    55.83877944946289,
    55.69099807739258,
    54.92806625366211,
    54.436012268066406,
    54.74879455566406,
    54.74345397949219,
    54.83939743041992,
    54.34575271606445,
    53.890071868896484,
    53.6989631652832,
    53.53820037841797,
    53.371124267578125,
    53.15629959106445,
    52.64712142944336,
    53.09084701538086,
    52.84859085083008,
    52.453792572021484,
    51.87369918823242,
    52.11923599243164,
    52.48485565185547,
    52.14678192138672,
    51.82555389404297,
    51.751617431640625,
    51.84148406982422,
    51.647544860839844,
    51.9720344543457
  ],
  "val_loss": [
    9713.38677734375,
    6072.19640625,
    5844.0527734375,
    6302.837758789063,
    5947.133120117188,
    5852.312514648437,
    5618.933203125,
    4538.0042578125,
    4811.750224609375,
    5136.900478515625,
    5005.835913085937,
    4589.2089453125,
    4361.5426025390625,
    5473.336530761719,
    4202.1531640625,
    4668.899921875,
    5058.600979003906,
    3966.3761279296873,
    4213.064716796875,
    4877.75107421875,
    4208.028942871094,
    3652.701379394531,
    3742.84697265625,
    4210.858569335937,
    3736.28806640625,
    3660.434404296875,
    3984.3230517578127,
    3954.090537109375,
    3617.4547485351563,
    3562.4351782226563,
    3606.7681469726563,
    4206.7951953125,
    4075.9217578125,
    3568.3207958984376,
    5051.971044921875,
    4147.312080078125,
    3454.031982421875,
    3492.7522412109374,
    3191.8761401367187,
    3543.9653869628905
  ],
  "val_mae_abs": [
    68.56242370605469,
    53.1668701171875,
    46.879295349121094,
    46.07798385620117,
    45.586585998535156,
    46.43843460083008,
    48.69532775878906,
    42.125701904296875,
    42.28169250488281,
    45.23194885253906,
    45.25961685180664,
    42.25099182128906,
    42.39984893798828,
    48.381980895996094,
    40.13254928588867,
    43.557403564453125,
    48.74799728393555,
    41.694583892822266,
    40.16319274902344,
    49.44888687133789,
    43.329498291015625,
    42.41130447387695,
    39.829952239990234,
    42.50944137573242,
    40.0551872253418,
    41.246971130371094,
    42.59603500366211,
    41.31277847290039,
    39.4019660949707,
    38.68386459350586,
    41.144168853759766,
    42.04417037963867,
    42.28786849975586,
    38.606868743896484,
    51.109989166259766,
    41.684322357177734,
    37.69267654418945,
    39.785892486572266,
    38.64617156982422,
    40.37882614135742
  ],
  "val_mae_em": [
    82.45195007324219,
    67.30863189697266,
    63.729148864746094,
    68.58001708984375,
    63.294334411621094,
    66.83010864257812,
    62.632423400878906,
    56.075626373291016,
    59.80888366699219,
    60.458316802978516,
    60.50543212890625,
    57.09328842163086,
    54.3652458190918,
    63.356842041015625,
    54.90646743774414,
    56.485233306884766,
    55.206905364990234,
    52.194644927978516,
    55.077850341796875,
    60.29713439941406,
    52.450042724609375,
    46.70207977294922,
    50.596534729003906,
    55.339996337890625,
    51.21982192993164,
    50.69615173339844,
    52.904117584228516,
    53.978660583496094,
    50.42823791503906,
    50.101409912109375,
    49.0534782409668,
    55.237510681152344,
    55.223106384277344,
    50.63499450683594,
    60.94507598876953,
    56.32837677001953,
    48.31245422363281,
    50.218631744384766,
    46.14881896972656,
    47.733097076416016
  ]
}