{
  "train_loss": [
    35049.4076171875,
    9874.177055789263,
    6969.270554136619,
    6226.652704326923,
    5696.47828901242,
    5385.5851086738785,
    5212.49554286859,
    4887.454480919471,
    4836.082408102965,
    4586.258323317307,
    4561.486011368189,
    4477.898267227564,
    4439.976015374599,
    4370.137865584936,
    4245.608875450721,
    4227.546923828125,
    4209.739112580128,
    4076.300482021234,
    4035.9823467548076,
    4004.3633451021633,
    3958.7003593249196,
    3880.6351600060098,
    3859.1783278245193,
    3874.738452774439,
    3813.399872295673,
    3848.903665239383,
    3720.0456029647435,
    3674.5815880408654,
    3650.7396572015223,
    3660.1422450921473,
    3504.629662459936,
    3592.8421148838142,
    3694.175176532452,
    3491.1281168619794,
    3508.1725335536858,
    3564.780444961939,
    3552.7379870292466,
    3556.5295998597758,
    3443.7046931340146,
    3399.230829326923
  ],
  "train_mae_abs": [
    132.5045623779297,
    71.57923889160156,
    60.19428253173828,
    56.41856002807617,
    53.84551239013672,
    52.09278106689453,
    51.46235656738281,
    49.5064582824707,
    48.74150085449219,
    47.73297882080078,
    47.35173797607422,
    47.07771682739258,
    46.685325622558594,
    46.17110061645508,
    45.046905517578125,
    45.441219329833984,
    45.037113189697266,
    43.96091079711914,
    44.08365249633789,
    43.65470886230469,
    43.20248794555664,
    42.927085876464844,
    42.94404220581055,
    42.95736312866211,
    42.55835723876953,
    43.034271240234375,
    42.066123962402344,
    41.506553649902344,
    41.445125579833984,
    41.5810432434082,
    40.601844787597656,
    41.267059326171875,
    41.96517562866211,
    40.584861755371094,
    40.491634368896484,
    40.91655349731445,
    40.953067779541016,
    40.666446685791016,
    39.98807144165039,
    40.08720397949219
  ],
  "train_mae_em": [
    157.6919403076172,
    80.29528045654297,
    67.91104888916016,
    64.53305053710938,
    62.15681076049805,
    60.43574142456055,
    59.4138069152832,
    57.64856719970703,
    57.56866455078125,
    56.337337493896484,
    55.946720123291016,
    55.582210540771484,
    55.27293014526367,
    54.84423065185547,
    54.46333694458008,
    54.085426330566406,
    53.616790771484375,
    53.24370193481445,
    53.03941345214844,
    53.03585433959961,
    52.97234344482422,
    52.38935470581055,
    52.01741409301758,
    52.22530746459961,
    51.516658782958984,
    52.15272903442383,
    51.40641403198242,
    50.753910064697266,
    50.936431884765625,
    50.729854583740234,
    49.750301361083984,
    50.67509841918945,
    51.24828338623047,
    49.656532287597656,
    50.2572135925293,
    50.177024841308594,
    50.224788665771484,
    50.25564193725586,
    49.22932052612305,
    49.13860321044922
  ],
  "val_loss": [
    11876.869755859376,
    7317.93931640625,
    6846.5508984375,
    5644.1991796875,
    4786.755646972656,
    4270.308659667969,
    4955.95759765625,
    4966.59958984375,
    3939.1813635253907,
    5048.744912109375,
    3836.612175292969,
    5487.768544921875,
    3536.200007324219,
    3981.831796875,
    3876.563776855469,
    5225.152216796875,
    4737.43578125,
    3578.317834472656,
    4226.586828613281,
    3837.775068359375,
    3199.999383544922,
    3934.004306640625,
    3671.06509765625,
    3392.5509765625,
    3454.978818359375,
    4215.416213378906,
    3417.6434936523438,
    3362.049318847656,
    3278.2711572265625,
    3588.4780151367186,
    3396.357985839844,
    3418.6219921875,
    3388.7037548828125,
    3270.6700634765625,
    3377.82810546875,
    4887.022568359375,
    2875.4376611328125,
    3203.1939135742186,
    3709.027741699219,
    2858.444990234375
  ],
  "val_mae_abs": [
    69.71759796142578,
    53.31796646118164,
    57.62277603149414,
    50.8821907043457,
    43.16171646118164,
    42.26539993286133,
    43.49457931518555,
    44.91753387451172,
    39.64211654663086,
    47.665897369384766,
    38.2261848449707,
    53.58538818359375,
    39.37705993652344,
    40.11122512817383,
    39.01190185546875,
    48.65591049194336,
    44.68505096435547,
    37.65048599243164,
    42.91415023803711,
    37.933292388916016,
    36.60386276245117,
    39.02860641479492,
    39.33112335205078,
    40.5931282043457,
    39.728485107421875,
    44.859806060791016,
    36.20183563232422,
    35.99079132080078,
    34.383392333984375,
    36.5902099609375,
    39.5264778137207,
    35.42872619628906,
    34.52302932739258,
    33.72755432128906,
    36.98137664794922,
    46.57184600830078,
    35.29991912841797,
    35.359004974365234,
    38.435089111328125,
    33.923805236816406
  ],
  "val_mae_em": [
    75.11253356933594,
    70.73157501220703,
    70.03936004638672,
    61.79635238647461,
    60.166194915771484,
    55.00136184692383,
    60.624237060546875,
    62.6392707824707,
    54.37131118774414,
    63.38785934448242,
    53.687015533447266,
    58.17995071411133,
    50.436336517333984,
    53.122344970703125,
    52.43709182739258,
    62.61505889892578,
    60.43267822265625,
    51.194297790527344,
    53.7475700378418,
    53.50608825683594,
    47.29866027832031,
    54.43239212036133,
    53.08500671386719,
    47.96385192871094,
    48.66709518432617,
    52.27504348754883,
    49.68326187133789,
    49.72626876831055,
    48.31157684326172,
    50.2404899597168,
    46.951351165771484,
    50.37004470825195,
    49.05241775512695,
    49.170509338378906,
    48.10969924926758,
    61.56658172607422,
    44.42688751220703,
    46.448974609375,
    51.55280685424805,
    43.4542121887207
  ]
}