{
  "train_loss": [
    33458.17319210737,
    12943.869233273237,
    8339.146602063302,
    7018.208295773237,
    6438.2074844751605,
    5870.792002203526,
    5716.854069010416,
    5448.066377453926,
    5363.461694961939,
    4958.720010767228,
    4999.165573667869,
    4760.579371995193,
    4672.8811798878205,
    4693.180818058894,
    4618.555655298477,
    4393.782148938301,
    4408.732077574118,
    4367.069369741586,
    4308.151756560497,
    4121.959446364182,
    4158.347463441506,
    4098.146887520032,
    4067.382776191907,
    4092.5918907752402,
    3989.263303786058,
    3877.0739946414265,
    3742.1476637620194,
    3753.9216997195513,
    3732.199747721354,
    3795.327094601362,
    3785.0403520633013,
    3759.388733223157,
    3782.8303748497597,
    3915.5478240184293,
    3572.958516751803,
    3541.490387119391,
    3615.2152368790066,
    3473.7309745592947,
    3730.793694911859,
    3539.3477814503203
  ],
  "train_mae_abs": [
    131.79092407226562,
    82.30069732666016,
    66.17683410644531,
    60.414791107177734,
    57.11726760864258,
    54.110721588134766,
    53.716224670410156,
    52.27540588378906,
    51.61180877685547,
    49.54661560058594,
    49.512794494628906,
    48.33098602294922,
    47.526458740234375,
    47.69245147705078,
    47.8395881652832,
    46.336029052734375,
    46.22195816040039,
    45.88042068481445,
    45.50375747680664,
    44.341094970703125,
    44.82290267944336,
    44.46258544921875,
    44.173282623291016,
    44.36124801635742,
    43.58988952636719,
    43.189640045166016,
    42.58634567260742,
    42.38778305053711,
    42.10525131225586,
    42.349788665771484,
    42.41045379638672,
    42.58189392089844,
    42.10924530029297,
    43.23099136352539,
    41.071895599365234,
    41.22230911254883,
    40.94377517700195,
    40.43567657470703,
    41.71556091308594,
    40.97203826904297
  ],
  "train_mae_em": [
    152.4523162841797,
    93.91594696044922,
    75.1719741821289,
    68.89899444580078,
    66.44147491455078,
    63.50375747680664,
    62.31192398071289,
    61.536521911621094,
    60.94572448730469,
    58.94968032836914,
    59.119415283203125,
    57.743595123291016,
    57.304039001464844,
    57.157649993896484,
    57.15040588378906,
    55.63527297973633,
    56.117759704589844,
    55.5374870300293,
    55.70343780517578,
    54.24663543701172,
    54.72564697265625,
    54.149436950683594,
    53.88676071166992,
    53.89950180053711,
    53.591285705566406,
    52.75323486328125,
    51.84028244018555,
    52.22870635986328,
    51.72403335571289,
    52.08191680908203,
    52.35367965698242,
    52.13139724731445,
    52.58237838745117,
    52.98519515991211,
    50.687992095947266,
    50.3348274230957,
    51.26622772216797,
    50.11121368408203,
    52.138816833496094,
    50.3696174621582
  ],
  "val_loss": [
    29787.646796875,
    10007.721328125,
    7480.8371875,
    5966.240446777344,
    4599.975317382812,
    5172.362236328125,
    4502.597551269531,
    5193.193659667969,
    4548.910538330078,
    4330.291416015625,
    3591.091884765625,
    3771.873815917969,
    3819.5094018554687,
    4518.317290039063,
    3701.234445800781,
    3669.0353759765626,
    4001.510205078125,
    3538.686071777344,
    4128.9861352539065,
    5073.004091796875,
    3348.8295434570314,
    4027.219387207031,
    3521.984465332031,
    3681.781552734375,
    3382.9151782226563,
    3840.052119140625,
    3399.0883544921876,
    3113.8953051757812,
    3148.8479052734374,
    3499.8467407226562,
    3671.5110668945313,
    3839.6929516601563,
    5336.725551757812,
    3527.220618896484,
    4500.446120605468,
    2958.825549316406,
    3466.778210449219,
    3102.2637573242187,
    3310.057019042969,
    4973.325302734375
  ],
  "val_mae_abs": [
    145.5568389892578,
    63.80640411376953,
    57.19304275512695,
    48.49176788330078,
    46.60354232788086,
    50.67266845703125,
    45.224151611328125,
    50.825645446777344,
    42.00310134887695,
    45.95377731323242,
    40.228721618652344,
    39.97671890258789,
    42.307464599609375,
    43.83272171020508,
    41.33354187011719,
    40.073123931884766,
    43.111907958984375,
    37.2438850402832,
    43.073089599609375,
    50.241676330566406,
    39.344539642333984,
    43.63682174682617,
    39.76530456542969,
    40.27950668334961,
    37.688751220703125,
    43.28337860107422,
    37.22969055175781,
    35.418060302734375,
    36.008235931396484,
    40.606712341308594,
    40.51713943481445,
    42.09189224243164,
    55.69408416748047,
    39.72696304321289,
    47.04386520385742,
    34.303253173828125,
    37.84030532836914,
    36.38050079345703,
    36.747962951660156,
    51.63592529296875
  ],
  "val_mae_em": [
    157.81617736816406,
    77.17890930175781,
    68.19681549072266,
    65.03359985351562,
    53.47275924682617,
    54.875125885009766,
    52.11911392211914,
    55.015438079833984,
    54.43593978881836,
    51.18137741088867,
    49.425968170166016,
    49.85261154174805,
    50.488365173339844,
    54.90480422973633,
    48.40457534790039,
    49.071414947509766,
    51.57273864746094,
    48.22718048095703,
    50.714805603027344,
    56.15812683105469,
    47.41740417480469,
    52.25605773925781,
    48.905635833740234,
    49.5929069519043,
    47.91337585449219,
    49.928627014160156,
    47.93708419799805,
    46.18910598754883,
    46.32132339477539,
    49.26288604736328,
    49.92208480834961,
    52.50236129760742,
    59.84280014038086,
    48.76079177856445,
    55.2791633605957,
    44.67667770385742,
    49.13921356201172,
    46.30746078491211,
    47.9666862487793,
    57.03654861450195
  ]
}