target,n_estimators,max_depth,n_features,train_samples,val_samples,test_samples,train_MAE,train_RMSE,train_R2,val_MAE,val_RMSE,val_R2,test_MAE,test_RMSE,test_R2
Absorption max (nm),100,,204,12448,1594,1596,6.399080488574809,10.941467677819865,0.9874108290617672,36.061720270167925,47.59108727178967,0.7510855966938059,35.42669599922718,50.65399381859703,0.7673254084351254
