{
  "train_loss": [
    38159.072751402244,
    11129.727914663461,
    7657.346269030449,
    6062.322857822516,
    4965.408831630609,
    4192.402679286859,
    3647.445557892628,
    3076.3377353766027,
    2719.946790489784,
    2443.989115710136,
    1977.075223482572,
    1868.9714568309296,
    1633.0205096905047,
    1478.8285397260618,
    1401.9196658403446,
    1287.1099218123998,
    1306.2543356870995,
    1198.7964693509616,
    1234.0220080253405,
    1228.5463447766426,
    1143.039536383213,
    1207.2996397360778,
    1102.874798427484,
    1102.3295673076923,
    1098.1852135291467,
    1113.8403780423678,
    1106.819984788161,
    1102.0827837039262,
    1011.1724208733974,
    1045.1128212953224,
    1033.2616229717548,
    1052.0914998372396,
    1020.893112104367,
    1074.1409999749599,
    1081.2715817182493,
    1055.7103305914463,
    1049.6405292217548,
    993.5126655774238,
    1033.9233545547877,
    984.8603190104167
  ],
  "train_mae_abs": [
    145.72117614746094,
    67.73316955566406,
    63.16106033325195,
    58.25289535522461,
    53.44550704956055,
    48.4157829284668,
    44.16033172607422,
    39.925498962402344,
    37.51362609863281,
    35.38391876220703,
    31.86583709716797,
    31.188304901123047,
    28.871789932250977,
    27.184707641601562,
    26.17367935180664,
    24.850425720214844,
    25.100814819335938,
    23.9998836517334,
    24.262958526611328,
    24.265037536621094,
    23.161426544189453,
    24.002939224243164,
    23.03729820251465,
    23.009973526000977,
    22.765554428100586,
    23.131250381469727,
    22.985986709594727,
    22.967254638671875,
    21.907991409301758,
    22.280521392822266,
    22.142934799194336,
    22.423852920532227,
    22.176916122436523,
    22.81415367126465,
    22.858083724975586,
    22.388320922851562,
    22.428470611572266,
    21.7700138092041,
    22.25089454650879,
    21.519086837768555
  ],
  "train_mae_em": [
    141.8826904296875,
    91.0280990600586,
    69.72233581542969,
    59.700050354003906,
    53.21193313598633,
    49.437435150146484,
    47.259220123291016,
    43.67563247680664,
    41.53136444091797,
    39.64670944213867,
    35.397010803222656,
    34.570091247558594,
    32.396339416503906,
    31.2921142578125,
    30.80573272705078,
    29.617807388305664,
    29.96285629272461,
    28.7342472076416,
    29.42537498474121,
    29.294334411621094,
    28.123764038085938,
    28.984811782836914,
    27.675701141357422,
    27.571195602416992,
    27.63579750061035,
    27.8046817779541,
    27.708023071289062,
    27.569759368896484,
    26.3585262298584,
    26.99892807006836,
    26.73008155822754,
    26.96755027770996,
    26.501136779785156,
    27.100370407104492,
    27.33595848083496,
    27.21126365661621,
    26.809249877929688,
    26.233295440673828,
    26.576379776000977,
    26.153621673583984
  ],
  "val_loss": [
    10744.742724609376,
    7798.91125,
    6536.50615234375,
    6214.2866796875,
    5535.66443359375,
    5020.816118164063,
    4734.512587890625,
    4138.615732421875,
    4181.855009765625,
    4249.804794921875,
    4121.416694335938,
    3780.1134448242187,
    3830.5023754882814,
    3558.117053222656,
    3631.965065917969,
    3973.31767578125,
    3617.692666015625,
    3238.747575683594,
    3379.3773828125,
    3595.039716796875,
    3357.592907714844,
    3321.1544018554687,
    3780.9643041992185,
    3571.4050952148436,
    3503.8463134765625,
    3845.575126953125,
    3527.1790551757813,
    3709.262578125,
    3395.1475219726562,
    3493.4710327148437,
    3837.586369628906,
    3304.5364697265627,
    3668.0589184570313,
    3666.1844848632813,
    3670.63546875,
    3290.3915625,
    3434.886511230469,
    3459.343115234375,
    3627.171767578125,
    3431.717214355469
  ],
  "val_mae_abs": [
    66.09637451171875,
    70.72948455810547,
    59.24668502807617,
    56.413150787353516,
    56.67559814453125,
    53.33139419555664,
    49.668312072753906,
    46.3338737487793,
    46.517879486083984,
    46.3081169128418,
    43.80095291137695,
    42.063228607177734,
    44.403846740722656,
    39.392093658447266,
    42.73428726196289,
    44.50323486328125,
    41.61546325683594,
    39.98352813720703,
    43.3052864074707,
    43.436737060546875,
    40.734989166259766,
    41.5606803894043,
    44.62259292602539,
    42.79369354248047,
    42.25961685180664,
    44.86393737792969,
    42.21841812133789,
    44.85702896118164,
    41.87327575683594,
    41.83754348754883,
    43.614784240722656,
    41.90141296386719,
    43.406890869140625,
    43.920101165771484,
    43.62473678588867,
    41.51861572265625,
    41.04718017578125,
    41.73124313354492,
    43.89563751220703,
    41.70103073120117
  ],
  "val_mae_em": [
    90.44351959228516,
    69.6790771484375,
    63.885581970214844,
    63.4488410949707,
    57.532596588134766,
    54.93195343017578,
    53.18672180175781,
    48.48139190673828,
    48.435447692871094,
    50.44942092895508,
    50.06759262084961,
    45.96489334106445,
    45.595680236816406,
    46.44949722290039,
    44.233272552490234,
    48.91989517211914,
    44.77980422973633,
    41.85627746582031,
    42.755882263183594,
    43.74110794067383,
    43.150672912597656,
    43.467464447021484,
    45.500518798828125,
    43.78913497924805,
    44.3392219543457,
    48.015106201171875,
    43.592681884765625,
    45.16157150268555,
    43.18703079223633,
    43.555484771728516,
    46.244747161865234,
    42.43079376220703,
    46.59160232543945,
    46.700557708740234,
    43.47757339477539,
    41.954978942871094,
    42.66220474243164,
    43.91851806640625,
    44.528175354003906,
    43.47516632080078
  ]
}