{
  "train_loss": [
    32863.611873998394,
    10633.789130108173,
    7797.759438852164,
    6836.452534054487,
    6671.412849308894,
    6116.489654697516,
    6105.603225160256,
    6021.459463892227,
    5939.771605819311,
    5453.296514423077,
    5541.862103114984,
    5506.4199782151445,
    5509.505722906651,
    5254.933841646634,
    5213.144592598157,
    5083.593434495192,
    4981.465176782853,
    4986.968995392628,
    4867.31311723758,
    4928.564267828526,
    4996.825752453927,
    4815.449846003606,
    4723.390881660657,
    4728.285116185897,
    4800.486298076923,
    4606.026746544471,
    4590.186778846154,
    4582.546791741787,
    4513.871992688301,
    4455.03482446915,
    4451.339609625401,
    4451.23890224359,
    4296.70175405649,
    4329.735013521635,
    4361.827053285257,
    4438.181540464743,
    4203.79014047476,
    4318.03150791266,
    4366.315839092548,
    4073.619378505609,
    4159.484158403446,
    4293.194373497596,
    4132.845845853365,
    4096.70162134415,
    3989.145696864984,
    4087.086826422276,
    4091.9060859875804,
    4146.077900891426,
    4106.70491411258,
    4166.430630258414,
    4012.7138095953524,
    3979.486537209535,
    3967.64410932492,
    3942.9662071814905,
    4017.6376915564906,
    4021.249149889824,
    4022.970186047676,
    4280.702963491586,
    3997.311950370593,
    3926.0714530749196,
    3959.7410807291667,
    3985.4384940905447,
    3932.1933618790063,
    3852.159612880609,
    3902.7232259114585,
    3767.5638459034453,
    3825.337298427484,
    3908.7322854066506,
    3831.4660168770033,
    3801.784112079327
  ],
  "train_mae_abs": [
    129.700439453125,
    74.94962310791016,
    64.18900299072266,
    59.869834899902344,
    59.08562469482422,
    56.39534378051758,
    56.05365753173828,
    55.6065673828125,
    54.89656066894531,
    53.12844467163086,
    52.986656188964844,
    52.995635986328125,
    52.309566497802734,
    51.65309524536133,
    51.405357360839844,
    50.21266555786133,
    50.07709503173828,
    50.19166564941406,
    49.01701736450195,
    49.78928756713867,
    50.11074447631836,
    49.16473388671875,
    48.38209533691406,
    48.604610443115234,
    48.67768478393555,
    47.84794616699219,
    47.69244384765625,
    47.42154312133789,
    47.15847396850586,
    46.5557975769043,
    46.638526916503906,
    46.86014175415039,
    45.78839874267578,
    45.91621017456055,
    46.46630859375,
    46.5515251159668,
    45.19844436645508,
    45.902862548828125,
    46.32783508300781,
    44.85043716430664,
    44.877159118652344,
    45.72911834716797,
    44.72789764404297,
    44.797508239746094,
    43.96731948852539,
    44.528297424316406,
    44.537845611572266,
    45.12627410888672,
    44.87520217895508,
    44.796142578125,
    44.008399963378906,
    43.95293426513672,
    43.920799255371094,
    43.77278137207031,
    44.078826904296875,
    44.199913024902344,
    44.182708740234375,
    45.70749282836914,
    43.77214050292969,
    43.450439453125,
    43.91167068481445,
    43.95536422729492,
    43.68781661987305,
    43.25812530517578,
    43.69854736328125,
    42.31300735473633,
    42.991127014160156,
    43.695438385009766,
    42.883079528808594,
    42.84199142456055
  ],
  "train_mae_em": [
    152.01126098632812,
    83.25789642333984,
    72.23285675048828,
    67.45938873291016,
    66.6159439086914,
    63.90742111206055,
    63.937923431396484,
    63.5588493347168,
    63.46908187866211,
    60.88117980957031,
    61.391780853271484,
    61.25680923461914,
    60.9336051940918,
    59.85346603393555,
    59.70805740356445,
    58.91058349609375,
    58.56892776489258,
    58.45757293701172,
    58.11735916137695,
    58.21515655517578,
    58.46989059448242,
    57.63612747192383,
    57.11632537841797,
    57.20268249511719,
    57.449119567871094,
    56.48920440673828,
    56.40407180786133,
    56.413856506347656,
    56.154823303222656,
    55.97003173828125,
    56.30038070678711,
    55.74222183227539,
    55.01395797729492,
    55.31193923950195,
    55.67686462402344,
    55.96827697753906,
    54.34489440917969,
    54.986331939697266,
    55.19871520996094,
    53.81483840942383,
    54.11726760864258,
    55.097023010253906,
    53.963619232177734,
    53.64078140258789,
    53.23482131958008,
    53.962554931640625,
    53.846946716308594,
    54.10506820678711,
    53.820533752441406,
    54.34814453125,
    53.433074951171875,
    53.29302215576172,
    53.211544036865234,
    52.95781326293945,
    53.59387969970703,
    53.54728698730469,
    53.251869201660156,
    54.922664642333984,
    53.661468505859375,
    52.66764831542969,
    53.18320083618164,
    53.049705505371094,
    53.08909225463867,
    52.12663269042969,
    52.97235107421875,
    51.98517990112305,
    52.10648727416992,
    52.903568267822266,
    52.330509185791016,
    52.131839752197266
  ],
  "val_loss": [
    15547.61474609375,
    7111.664482421875,
    5552.028146972656,
    5069.78638671875,
    5032.758098144532,
    4530.951071777344,
    4850.221245117187,
    4567.9151171875,
    4557.810979003906,
    4202.553615722656,
    4067.9846606445312,
    4310.689831542969,
    3968.167834472656,
    4748.2807421875,
    3886.727490234375,
    4323.8115234375,
    4028.5904052734377,
    4054.77626953125,
    3924.011435546875,
    3683.508857421875,
    3940.204599609375,
    3869.35087890625,
    4103.852446289063,
    3745.8546240234373,
    3665.994475097656,
    4710.752622070312,
    4180.870131835937,
    3849.3785205078125,
    3638.401533203125,
    3840.79439453125,
    3606.25255859375,
    3635.4627001953127,
    3433.0454443359376,
    3636.0629272460938,
    3617.38345703125,
    3569.7632666015625,
    3869.6769775390626,
    3378.7956005859373,
    3387.2505615234377,
    3485.6583740234373,
    3961.8704638671875,
    3691.457451171875,
    3481.236982421875,
    3551.3284814453127,
    5181.563017578125,
    3754.2746533203126,
    3359.456328125,
    3529.136591796875,
    3666.2496240234377,
    3306.6380322265627,
    3253.510947265625,
    3303.985466308594,
    3449.790549316406,
    3503.1047119140626,
    3604.272294921875,
    3291.9274072265625,
    3859.06509765625,
    3237.456826171875,
    3233.6728442382814,
    3331.18302734375,
    3988.949384765625,
    3657.4899560546874,
    3416.591379394531,
    3256.5823388671874,
    3304.4721240234376,
    3931.3408935546877,
    3525.5939990234374,
    3214.439482421875,
    3367.10916015625,
    3631.68310546875
  ],