{
  "train_loss": [
    32906.40163125797,
    10632.62997000558,
    7926.847354811065,
    6935.593377560986,
    6675.081754723374,
    6163.541780432876,
    5944.651885363521,
    5864.643088827328,
    5643.869920380262,
    5742.663637745137
  ],
  "train_mae_abs": [
    129.9638214111328,
    74.62933349609375,
    64.4608154296875,
    60.38637924194336,
    58.625247955322266,
    56.627628326416016,
    55.56151580810547,
    54.60427474975586,
    53.60498046875,
    54.17598342895508
  ],
  "train_mae_em": [
    151.5377960205078,
    83.18010711669922,
    72.02714538574219,
    67.65752410888672,
    66.51826477050781,
    64.36573028564453,
    63.113285064697266,
    62.91143035888672,
    61.729087829589844,
    62.22212600708008
  ],
  "val_loss": [
    13091.15265625,
    6808.729921875,
    5897.13552734375,
    4778.80765625,
    4849.00228515625,
    5413.04220703125,
    4215.88736328125,
    3950.959765625,
    4950.868916015625,
    3944.1303125
  ],
  "val_mae_abs": [
    82.9058837890625,
    59.14330291748047,
    57.3995361328125,
    50.15938186645508,
    49.63629913330078,
    55.41779708862305,
    45.98354721069336,
    44.517822265625,
    48.19172668457031,
    43.979705810546875
  ],
  "val_mae_em": [
    90.88719177246094,
    66.41704559326172,
    61.012508392333984,
    55.457374572753906,
    54.70404052734375,
    60.73708724975586,
    51.519386291503906,
    50.28134536743164,
    57.42064666748047,
    49.757877349853516
  ]
}