{
  "train_loss": [
    35432.45178970025,
    12285.74660694356,
    8304.299301458865,
    7094.380381058673,
    6630.9808748206315,
    6439.7858288823345,
    6302.703803860411,
    6009.7020550163425,
    5862.015945123167,
    5653.371138592156,
    5761.459784060108,
    5655.990762515944,
    5558.03791404257,
    5405.972491828763,
    5231.577711455676,
    5280.101234903141,
    5314.968817263233,
    5375.136717504384,
    5063.835243692203,
    5133.815848214285,
    5110.3109529456315,
    5160.9886076012435,
    4984.5010077028855,
    4969.293420908402,
    4996.239480777663,
    4762.111375458387,
    4762.955321020009,
    4889.619631397481,
    4749.576853226642,
    4858.248743174027,
    4730.510277572943,
    4780.391151895328,
    4778.370783591757,
    4613.318686971859,
    4621.137322873486,
    4524.529543506856,
    4720.8252837511955,
    4518.660303232621,
    4637.804273955676,
    4356.849422532685,
    4458.429475745376,
    4723.292747030453,
    4580.876066246811,
    4416.818279655612,
    4441.590766751036,
    4338.411801707988,
    4278.056633151307,
    4375.959908621652,
    4437.763278260523,
    4289.981510084503,
    4279.347904127471,
    4529.468272929289,
    4241.286350795201,
    4327.275298449458,
    4199.585024463887,
    4241.2834049147,
    4220.7562305684,
    4259.997146295042,
    4242.246065100845,
    4137.90691266741,
    4323.534874740912,
    4233.145160285794,
    4028.2194301060267,
    4107.108581542969,
    4084.768213388871,
    4095.3901429468274,
    4037.1128820302533,
    4041.3749240174584,
    4284.528143435108,
    4096.356541224888
  ],
  "train_mae_abs": [
    134.4088592529297,
    80.34962463378906,
    65.73735809326172,
    60.7686767578125,
    58.48545837402344,
    57.681705474853516,
    57.01322555541992,
    55.589874267578125,
    54.75811004638672,
    53.51203918457031,
    54.02452850341797,
    53.90681076049805,
    53.232627868652344,
    52.064762115478516,
    51.218116760253906,
    51.334041595458984,
    51.45286178588867,
    51.87553787231445,
    50.29360580444336,
    50.634647369384766,
    50.39487838745117,
    50.79191970825195,
    49.8682746887207,
    49.68775939941406,
    50.08284378051758,
    48.69288635253906,
    48.4715576171875,
    49.279781341552734,
    48.46302795410156,
    48.9458122253418,
    48.179412841796875,
    48.18669891357422,
    48.554229736328125,
    47.477989196777344,
    47.46842956542969,
    47.170963287353516,
    48.239112854003906,
    47.00057601928711,
    47.67485427856445,
    46.30715560913086,
    46.876678466796875,
    47.95050048828125,
    47.04747772216797,
    46.76869583129883,
    46.33905792236328,
    46.16911315917969,
    45.81711196899414,
    46.46333312988281,
    46.782432556152344,
    45.62623977661133,
    45.63640594482422,
    47.148380279541016,
    45.48103332519531,
    45.745304107666016,
    45.41191482543945,
    45.49154281616211,
    45.139644622802734,
    45.6007194519043,
    45.391597747802734,
    45.17547607421875,
    45.96829605102539,
    45.007713317871094,
    44.39551544189453,
    44.60850143432617,
    44.437496185302734,
    44.73963165283203,
    44.28828048706055,
    44.23227310180664,
    45.791786193847656,
    44.362056732177734
  ],
  "train_mae_em": [
    160.5416259765625,
    89.8929443359375,
    74.30744934082031,
    68.76544952392578,
    66.548583984375,
    65.13024139404297,
    64.94481658935547,
    63.57463455200195,
    62.38873291015625,
    61.29161071777344,
    62.21260452270508,
    61.933841705322266,
    61.190860748291016,
    60.22301483154297,
    59.612709045410156,
    60.14940643310547,
    60.363948822021484,
    60.508453369140625,
    58.924625396728516,
    59.40955352783203,
    59.159061431884766,
    59.537109375,
    58.23123550415039,
    58.52996063232422,
    58.95489501953125,
    57.48164367675781,
    57.33894729614258,
    58.07267761230469,
    57.35502243041992,
    58.05060958862305,
    57.384498596191406,
    57.33179473876953,
    57.70469665527344,
    56.81513214111328,
    56.81414794921875,
    55.96809387207031,
    57.488380432128906,
    55.95258331298828,
    56.57955551147461,
    55.30393600463867,
    55.93840026855469,
    57.41812515258789,
    56.44044876098633,
    55.829185485839844,
    55.81264114379883,
    55.49894714355469,
    54.89976119995117,
    55.25022506713867,
    55.858646392822266,
    54.87676239013672,
    54.791046142578125,
    56.60948181152344,
    54.90766906738281,
    55.218223571777344,
    54.39702224731445,
    54.77896499633789,
    54.302127838134766,
    54.826507568359375,
    54.876487731933594,
    53.9352912902832,
    55.06243133544922,
    54.576873779296875,
    53.38345718383789,
    53.781768798828125,
    53.62766647338867,
    53.70225143432617,
    53.31864547729492,
    53.80312728881836,
    54.74336624145508,
    53.886497497558594
  ],
  "val_loss": [
    15162.79283203125,
    8562.95685546875,
    5917.9103515625,
    5894.7476953125,
    4728.05009765625,
    5028.416328125,
    4292.3721484375,
    4247.34419921875,
    4016.26490234375,
    4004.88439453125,
    4092.89490234375,
    3930.656123046875,
    4167.1073828125,
    4174.540078125,
    3648.95765625,
    4054.111455078125,
    4053.2555078125,
    3495.246240234375,
    3890.405830078125,
    3336.29095703125,
    3805.538515625,
    3592.996044921875,
    3173.65787109375,
    3576.181220703125,
    3331.154970703125,
    3206.403173828125,
    3204.8194775390625,
    3125.530166015625,
    3556.408388671875,
    3764.198271484375,
    3366.15119140625,
    3159.696923828125,
    3238.8351171875,
    3043.2978955078124,
    3088.274541015625,
    2966.5490771484374,
    2816.72759765625,
    2837.5106591796875,
    2844.17265625,
    3585.359111328125,
    2885.747314453125,
    5351.424130859375,
    3680.070234375,
    2812.4300390625,
    3372.7982080078127,
    2717.9316357421876,
    2776.375458984375,
    2941.843486328125,
    3076.6507861328123,
    2779.557578125,
    2894.8711181640624,
    3507.554228515625,
    2871.397958984375,
    2652.0769287109374,
    2627.742109375,
    2599.837763671875,
    2775.9083935546873,
    4509.44361328125,
    2726.5505322265626,
    2753.4021923828127,
    3888.777548828125,
    2628.9341796875,
    2639.821455078125,
    3166.4577197265626,
    2595.1105615234374,
    2458.2130859375,
    2527.4174169921876,
    2686.1992822265624,
    2511.913154296875,
    2461.71244140625
  ],