target,n_estimators,max_depth,n_features,train_samples,val_samples,test_samples,train_MAE,train_RMSE,train_R2,val_MAE,val_RMSE,val_R2,test_MAE,test_RMSE,test_R2
Absorption max (nm),100,,204,12510,1564,1564,6.5872267920062315,11.327932594643785,0.9868541087481041,11.86331115580538,22.354249814930395,0.9468299110688025,11.850140389767969,21.794885756931365,0.9470157620516312
