{
  "train_loss": [
    35079.72149439102,
    9156.897239332933,
    6637.446061197917,
    5632.399928635818,
    5252.949411558494,
    4895.584422576122,
    4718.119205729166,
    4473.042923677885,
    4304.736530949519,
    4145.646130058093,
    4065.514295998598,
    3982.268669871795,
    3878.4218900240385,
    3898.0742575620993,
    3777.080506310096,
    3737.6074368990385,
    3787.518863932292,
    3716.8957131410257,
    3565.829961688702,
    3556.783289513221,
    3557.503564453125,
    3510.3783591245992,
    3412.299348958333,
    3442.0150002504006,
    3493.709275465745,
    3380.838658102965,
    3450.397404597356,
    3316.9850260416665,
    3346.0133307041265,
    3293.4965213090945,
    3261.415813426482,
    3233.8032189002406,
    3298.2339724809694,
    3185.883889848758,
    3169.3216821915066,
    3170.799879181691,
    3150.9632662259614,
    3096.4244084284855,
    3089.468406951122,
    3115.402852689303
  ],
  "train_mae_abs": [
    130.52285766601562,
    69.01943969726562,
    58.035919189453125,
    53.583702087402344,
    51.087276458740234,
    49.60606002807617,
    48.44739532470703,
    47.05009460449219,
    46.06199264526367,
    45.09138488769531,
    44.51689147949219,
    43.9852294921875,
    43.11906433105469,
    43.46295166015625,
    42.86658477783203,
    42.462669372558594,
    42.60943603515625,
    42.083106994628906,
    41.5380744934082,
    41.381649017333984,
    41.35652160644531,
    40.938480377197266,
    40.72836685180664,
    40.455238342285156,
    40.851585388183594,
    40.15861892700195,
    40.532188415527344,
    39.68233871459961,
    40.017112731933594,
    39.695037841796875,
    39.592227935791016,
    39.18641662597656,
    39.81747055053711,
    39.01679992675781,
    38.671321868896484,
    38.96366500854492,
    38.5654296875,
    38.39439010620117,
    38.223995208740234,
    38.22152328491211
  ],
  "train_mae_em": [
    155.87698364257812,
    77.64862823486328,
    66.69852447509766,
    61.66020202636719,
    59.914154052734375,
    58.04093933105469,
    57.04301834106445,
    55.42359161376953,
    54.264835357666016,
    53.56670379638672,
    53.455142974853516,
    52.208431243896484,
    52.16609191894531,
    52.27156448364258,
    51.57136154174805,
    51.014747619628906,
    51.742286682128906,
    51.22364044189453,
    49.98997497558594,
    49.920997619628906,
    50.001190185546875,
    49.534366607666016,
    49.1178092956543,
    49.12790298461914,
    49.69767379760742,
    48.94837188720703,
    49.57777404785156,
    48.264183044433594,
    48.53141403198242,
    48.030914306640625,
    48.116947174072266,
    47.82732009887695,
    48.121700286865234,
    47.250553131103516,
    47.591468811035156,
    47.65654754638672,
    47.403934478759766,
    46.819488525390625,
    47.068809509277344,
    47.11796951293945
  ],
  "val_loss": [
    14663.60380859375,
    6921.088356933594,
    5131.4488134765625,
    4558.838159179688,
    4319.177680664063,
    4130.199365234375,
    3886.997443847656,
    3501.3036376953123,
    5439.261528320312,
    3378.9595849609377,
    3398.1465698242187,
    3408.0399194335937,
    3591.1152978515624,
    3968.95546875,
    3159.023039550781,
    4688.911655273438,
    3160.012790527344,
    3459.692473144531,
    3734.7772583007813,
    3870.8344873046876,
    3080.1321118164065,
    3453.19779296875,
    3192.5639916992186,
    3785.9597021484374,
    3097.4840234375,
    3189.4472192382814,
    3758.1430126953123,
    3056.694187011719,
    3050.3043212890625,
    3139.499304199219,
    3014.4037646484376,
    2933.1475830078125,
    2947.6488989257814,
    3582.889089355469,
    3028.039853515625,
    2927.5711181640627,
    3014.6604467773436,
    3052.945778808594,
    2871.441496582031,
    2916.1492333984374
  ],
  "val_mae_abs": [
    87.29576873779297,
    50.01237869262695,
    43.92816925048828,
    42.244834899902344,
    39.85371017456055,
    41.90745544433594,
    37.86886978149414,
    37.25520324707031,
    52.22815704345703,
    39.031070709228516,
    35.75909423828125,
    36.890079498291016,
    38.22407531738281,
    47.30366897583008,
    36.618553161621094,
    45.66505432128906,
    36.844913482666016,
    38.30454635620117,
    43.23839569091797,
    40.56709289550781,
    36.510955810546875,
    38.29737854003906,
    35.681610107421875,
    41.77369689941406,
    34.09619903564453,
    38.2250862121582,
    41.83213424682617,
    35.601661682128906,
    35.89832305908203,
    35.93059539794922,
    33.361270904541016,
    33.49634552001953,
    32.07671356201172,
    41.90647888183594,
    33.30120849609375,
    33.59488296508789,
    33.37621307373047,
    34.283321380615234,
    34.02165985107422,
    34.352970123291016
  ],
  "val_mae_em": [
    103.30158996582031,
    66.51400756835938,
    60.61271667480469,
    58.2355842590332,
    56.45353317260742,
    55.68972396850586,
    54.8258056640625,
    50.891841888427734,
    64.51216125488281,
    49.82503128051758,
    50.16376876831055,
    50.56541061401367,
    49.52653121948242,
    52.290382385253906,
    46.44718551635742,
    57.38161087036133,
    46.67916488647461,
    48.72667694091797,
    51.073577880859375,
    52.27328109741211,
    46.01461410522461,
    49.8480110168457,
    46.50182342529297,
    53.3615608215332,
    47.356258392333984,
    47.17913055419922,
    52.50222396850586,
    45.87675476074219,
    46.29204177856445,
    45.945762634277344,
    46.68686294555664,
    45.11758041381836,
    46.89726257324219,
    47.34044647216797,
    46.78684616088867,
    46.104244232177734,
    46.0817756652832,
    46.294158935546875,
    44.45050811767578,
    44.762325286865234
  ]
}