{
  "train_loss": [
    46819.41026490977,
    18961.753602277728,
    16201.738605853874,
    15597.385614271567,
    14564.960595015405,
    14422.721291813381,
    13366.82577299736,
    13357.128578895246,
    13153.335980138645,
    12773.732772612237,
    12279.49424653389,
    11867.419606899208,
    11893.433322788293,
    11595.945561454666,
    10999.887810161752,
    10786.469478295554,
    10832.604746643927,
    10220.146060051717,
    10289.377390514965,
    9812.529834672096,
    9818.883958929357,
    9949.072551028828,
    9844.344313930458,
    9858.006879951585,
    9275.49813696633,
    9131.39403402839,
    8867.129110502861,
    8892.789016422756,
    9213.146410101232,
    8481.294487923635,
    8466.083461020027,
    8201.514909771127,
    8363.92333365427,
    8858.901001320422,
    8238.5978515625,
    8199.76759394256,
    8167.917240454445,
    8155.748545472051,
    7946.239376788072,
    7998.053875302597,
    8266.332820752641,
    7721.416146979534,
    7741.0335167253525,
    7576.429568524428,
    7519.044050533671,
    7519.462123129401,
    7746.631062252421,
    7448.433060766945,
    7577.902023960167,
    7322.4987387213905,
    7203.679767275528,
    7562.58788306008,
    7200.606784358495,
    7247.345652233715,
    7022.30683731294,
    7273.659700979313,
    7133.68203400088,
    6960.306650253081,
    6984.725211817782,
    6864.059090971611,
    6820.994135123239,
    6878.079699878961,
    6870.921857806999,
    6790.989730963908,
    6789.580496258803,
    6815.374186427157,
    6596.273294454225,
    6445.556122084067,
    6487.5248425121035,
    6430.9169227277725,
    6483.927316241197,
    6384.264145026408,
    6228.8785211267605,
    6310.307177734375,
    6369.0368294729315,
    6098.402016395246,
    6279.982097958847,
    6232.3412583901845,
    6170.963425671215,
    6247.792824328785,
    6132.798865261884,
    6099.09833743673,
    5914.959456150968,
    5865.574245914942,
    5844.096427294234,
    5857.083480963908,
    5957.698724279269,
    5911.007057039503,
    6027.388905012104,
    5855.779030727333,
    5686.173814714459,
    5752.298498019366,
    5702.810294481734,
    5657.852773575044,
    5827.585018705986,
    5653.682444569762,
    5624.789224114216,
    5574.604511443662,
    5602.871204472931,
    5572.949380364216
  ],
  "train_mae_abs": [
    157.55104064941406,
    98.34352111816406,
    90.65682983398438,
    88.14645385742188,
    85.9031753540039,
    85.24373626708984,
    82.0809326171875,
    81.81808471679688,
    81.0859146118164,
    80.02615356445312,
    78.30793762207031,
    77.1343765258789,
    77.17708587646484,
    75.74237060546875,
    74.10552215576172,
    73.39905548095703,
    73.81566619873047,
    71.09942626953125,
    71.39945983886719,
    70.21798706054688,
    69.78775024414062,
    70.34012603759766,
    68.7701187133789,
    69.49409484863281,
    67.86396026611328,
    67.14804077148438,
    66.27053833007812,
    66.55372619628906,
    67.52078247070312,
    64.6624526977539,
    64.95523071289062,
    64.4075927734375,
    64.36752319335938,
    65.34080505371094,
    64.04827880859375,
    64.25963592529297,
    63.77374267578125,
    63.799156188964844,
    63.071495056152344,
    63.04513168334961,
    64.20690155029297,
    61.87364959716797,
    61.82066345214844,
    61.34595489501953,
    61.26858901977539,
    61.08156967163086,
    61.559776306152344,
    61.070884704589844,
    60.94597625732422,
    60.168766021728516,
    60.19994354248047,
    60.75226974487305,
    59.52048110961914,
    59.57379913330078,
    59.121891021728516,
    59.73100280761719,
    59.500728607177734,
    58.60518264770508,
    58.85289764404297,
    58.05712127685547,
    58.13397216796875,
    58.75715255737305,
    58.39949417114258,
    58.05643844604492,
    57.84532165527344,
    57.9669189453125,
    57.092857360839844,
    56.74831771850586,
    56.878631591796875,
    56.194759368896484,
    56.53988265991211,
    56.14686965942383,
    55.55604553222656,
    55.79607009887695,
    56.09140396118164,
    54.85955047607422,
    55.81045150756836,
    55.332061767578125,
    55.44991683959961,
    54.69566345214844,
    54.629878997802734,
    54.96580505371094,
    54.0642204284668,
    54.00910949707031,
    53.804931640625,
    53.75236511230469,
    54.14909744262695,
    53.83441925048828,
    54.53229904174805,
    53.761959075927734,
    52.886878967285156,
    53.19426727294922,
    53.273555755615234,
    52.995750427246094,
    53.58262634277344,
    52.66009521484375,
    52.768104553222656,
    52.47422409057617,
    52.96989822387695,
    52.01552963256836
  ],
  "train_mae_em": [
    174.29420471191406,
    113.7536392211914,
    105.95846557617188,
    103.70079040527344,
    100.5629653930664,
    100.6053237915039,
    96.94577026367188,
    96.30191040039062,
    95.46366882324219,
    93.99732208251953,
    92.46150207519531,
    91.05197143554688,
    90.88391876220703,
    89.34939575195312,
    87.67608642578125,
    86.39551544189453,
    86.82083129882812,
    84.16126251220703,
    84.24057006835938,
    82.22852325439453,
    81.76631164550781,
    82.38468933105469,
    82.12638854980469,
    82.78919982910156,
    79.88739013671875,
    79.39134979248047,
    78.7091293334961,
    78.85687255859375,
    79.24407958984375,
    76.77055358886719,
    76.68844604492188,
    75.63430786132812,
    76.48812103271484,
    77.70491027832031,
    75.84049987792969,
    76.43838500976562,
    74.79916381835938,
    75.21765899658203,
    74.58951568603516,
    74.58476257324219,
    75.71366882324219,
    73.61236572265625,
    73.21766662597656,
    72.47542572021484,
    72.37925720214844,
    71.84806823730469,
    73.39732360839844,
    71.9867935180664,
    72.61775970458984,
    71.87539672851562,
    71.39825439453125,
    72.61837005615234,
    71.1025161743164,
    71.19556427001953,
    70.40460968017578,
    71.31897735595703,
    70.23106384277344,
    70.18900299072266,
    70.49625396728516,
    69.28001403808594,
    68.91542053222656,
    69.77500915527344,
    69.49248504638672,
    68.89531707763672,
    69.18634033203125,
    69.31230926513672,
    68.54811096191406,
    67.36444854736328,
    68.0375747680664,
    67.15657806396484,
    67.8735580444336,
    66.89985656738281,
    66.30135345458984,
    67.00487518310547,
    66.73233795166016,
    65.58477020263672,
    66.58303833007812,
    66.4498062133789,
    66.2647933959961,
    65.8170394897461,
    65.9346923828125,
    65.51768493652344,
    64.65069580078125,
    64.21472930908203,
    64.552734375,
    64.3669662475586,
    64.71176147460938,
    64.52011108398438,
    65.10067749023438,
    64.3818588256836,
    63.17631912231445,
    63.554222106933594,
    63.81962203979492,
    63.55446243286133,
    64.05113220214844,
    63.4235954284668,
    62.95389175415039,
    63.20368194580078,
    63.21266555786133,
    63.14470291137695
  ],