{
  "train_loss": [
    44584.51494140625,
    10725.806258616727,
    9291.935388901655,
    8294.667000804227,
    7520.465811695772,
    5753.608378331802,
    4227.089720243566,
    3069.4496912339155,
    2019.6661800608915,
    1850.4868501551011,
    1558.3415171903723,
    1454.2305463005514,
    1261.5009381462546,
    1238.7300813562729,
    1290.4110954733455,
    1213.310195384306,
    1173.8764048856847,
    1110.5615740607766,
    1118.525251680262,
    1092.213084860409,
    1103.1509837431065,
    1072.5556116440716,
    1354.9753443100874,
    1045.398214901195,
    1008.8989679673139,
    1059.8256807215073,
    1028.1630238252528,
    1019.8043112362133,
    1015.9709350585938,
    1063.7678057502299
  ],
  "train_mae_abs": [
    133.25633239746094,
    71.05669403076172,
    60.838722229003906,
    50.386871337890625,
    46.27879333496094,
    36.09851837158203,
    32.70408630371094,
    32.10248565673828,
    27.70692253112793,
    27.646696090698242,
    25.657548904418945,
    25.080787658691406,
    23.579519271850586,
    23.416126251220703,
    24.020322799682617,
    23.396759033203125,
    23.135339736938477,
    22.502500534057617,
    22.662254333496094,
    22.339292526245117,
    22.4764404296875,
    22.213897705078125,
    25.20909309387207,
    21.862281799316406,
    21.63724136352539,
    22.013267517089844,
    21.83470916748047,
    21.759349822998047,
    21.850393295288086,
    22.23430824279785
  ],
  "train_mae_em": [
    166.73773193359375,
    89.49053192138672,
    88.4181900024414,
    88.46028137207031,
    84.91477966308594,
    76.49415588378906,
    64.52615356445312,
    51.585594177246094,
    39.90322494506836,
    36.778968811035156,
    33.50705337524414,
    32.14607238769531,
    29.974388122558594,
    29.428789138793945,
    30.115835189819336,
    29.03538703918457,
    28.546403884887695,
    27.846620559692383,
    28.02718162536621,
    27.663436889648438,
    27.688720703125,
    27.1411190032959,
    30.407154083251953,
    27.245250701904297,
    26.386138916015625,
    26.947322845458984,
    26.915979385375977,
    26.757394790649414,
    26.4186954498291,
    27.2340145111084
  ],
  "val_loss": [
    9153.781819661459,
    9545.6569135617,
    8264.037466195914,
    7507.362022986779,
    6348.2825270432695,
    5601.8804775140225,
    4014.145276191907,
    3425.879435221354,
    3806.5840501051684,
    2822.644263634315,
    2620.186971028646,
    2561.024013421474,
    2688.244810446715,
    2611.3846685947515,
    2543.2350729917866,
    2757.656282865084,
    2853.16899226262,
    2724.998303535657,
    2542.721970778245,
    2639.293942182492,
    2768.5773644080527,
    2945.517337114383,
    2718.657221867488,
    2461.9760303986377,
    2644.471654647436,
    2527.6448849409053,
    2510.0152180989585,
    2802.35153119992,
    2876.371165740184,
    2561.8895107171475
  ],
  "val_mae_abs": [
    60.71623992919922,
    64.75960540771484,
    56.45526123046875,
    50.38850402832031,
    42.865962982177734,
    46.40958786010742,
    37.60647964477539,
    36.95319366455078,
    42.80757522583008,
    35.870643615722656,
    33.08209228515625,
    34.09212875366211,
    35.437137603759766,
    34.12800979614258,
    33.67612838745117,
    35.33291244506836,
    37.42271423339844,
    36.24613952636719,
    33.54783630371094,
    35.00824737548828,
    35.1486930847168,
    36.69496536254883,
    35.15584182739258,
    34.16043472290039,
    33.91810989379883,
    34.49809265136719,
    32.231441497802734,
    36.13733673095703,
    36.97026062011719,
    34.0644645690918
  ],
  "val_mae_em": [
    81.82074737548828,
    86.61570739746094,
    84.31609344482422,
    80.07362365722656,
    77.56404113769531,
    68.41976165771484,
    58.44560241699219,
    50.657493591308594,
    49.93389892578125,
    42.877925872802734,
    42.61433029174805,
    42.33924102783203,
    40.957157135009766,
    41.54341125488281,
    40.48598861694336,
    44.6663703918457,
    44.574825286865234,
    40.5752067565918,
    41.64533233642578,
    42.66082000732422,
    41.87031936645508,
    42.8973503112793,
    41.50608825683594,
    39.4112548828125,
    41.352333068847656,
    40.59982681274414,
    41.025543212890625,
    41.966617584228516,
    42.277523040771484,
    40.94907760620117
  ]
}