{
  "train_loss": [
    38130.7073884587,
    14796.391411435288,
    9406.747182660398,
    7201.797240850848,
    5960.60788567017,
    4954.6131847460365,
    4356.770881585316,
    3867.2030969130255,
    3589.8983694431,
    3198.445626497972,
    2975.6884218289088,
    2861.114281938491,
    2530.1815975943146,
    2315.360069792531,
    2209.2715778182037,
    2192.7310691991033,
    2050.4751604918533,
    1875.405110857128,
    1787.6106688012767,
    1704.040400052141,
    1801.9342806205636,
    1647.111100008354,
    1504.5946424816211,
    1485.455765355653,
    1615.0245991484605,
    1502.6338301126937,
    1356.105312291148,
    1339.5112693584072,
    1375.175537109375,
    1283.773871407748
  ],
  "train_mae_abs": [
    153.25108337402344,
    102.86170196533203,
    77.29817199707031,
    62.269466400146484,
    55.233760833740234,
    49.895084381103516,
    45.98998260498047,
    43.33638000488281,
    42.178401947021484,
    39.41823196411133,
    37.817440032958984,
    36.76962661743164,
    34.49822235107422,
    32.80710220336914,
    31.9527587890625,
    31.777423858642578,
    30.713483810424805,
    29.66372299194336,
    28.60085105895996,
    27.96600914001465,
    28.938913345336914,
    27.62254524230957,
    26.32389259338379,
    26.214113235473633,
    27.310209274291992,
    26.640806198120117,
    25.009857177734375,
    24.997861862182617,
    25.345539093017578,
    24.51850700378418
  ],
  "train_mae_em": [
    152.18319702148438,
    84.68441772460938,
    70.86280059814453,
    66.8089828491211,
    62.1089973449707,
    56.80746841430664,
    53.18609619140625,
    50.389610290527344,
    48.80592727661133,
    46.16212463378906,
    44.70083236694336,
    44.03206253051758,
    41.27112579345703,
    39.41794204711914,
    38.41869354248047,
    38.77360153198242,
    37.38492202758789,
    35.808441162109375,
    34.977935791015625,
    34.19553756713867,
    35.18087387084961,
    33.57263946533203,
    32.17068862915039,
    32.07328414916992,
    33.154151916503906,
    31.84838104248047,
    30.65412139892578,
    30.38886833190918,
    30.75082015991211,
    29.8958740234375
  ],
  "val_loss": [
    17538.891972529425,
    12914.871715198864,
    8330.303558745942,
    6189.2872758345175,
    5855.35471730418,
    5337.6126708984375,
    5104.877492136769,
    4311.635356952617,
    5225.785650872565,
    4313.078744863535,
    4641.399326076756,
    3978.854807667918,
    4138.1532870205965,
    4084.109376585329,
    4635.61055131392,
    3649.971751027293,
    3557.224782175832,
    3455.0196121017652,
    3403.6169798219357,
    3550.57416247083,
    3495.560903573965,
    3331.3016436688313,
    3384.8102583451705,
    3857.0264829164976,
    3609.2488125887785,
    3704.372906573407,
    3258.332185026887,
    3335.4037055473823,
    3375.3218605735087,
    3361.429834935572
  ],
  "val_mae_abs": [
    104.34811401367188,
    90.10733795166016,
    66.8897705078125,
    56.20502471923828,
    53.15826416015625,
    52.44578170776367,
    52.4896354675293,
    47.357791900634766,
    50.05987548828125,
    46.32315444946289,
    49.035457611083984,
    45.30620574951172,
    43.957218170166016,
    45.70451736450195,
    49.31639099121094,
    42.244140625,
    43.04328536987305,
    40.47096633911133,
    40.04171371459961,
    39.94647979736328,
    40.9541015625,
    40.951255798339844,
    41.04506301879883,
    45.65899658203125,
    40.9007453918457,
    42.13799285888672,
    39.29011535644531,
    40.42156982421875,
    40.7786750793457,
    40.723228454589844
  ],
  "val_mae_em": [
    94.31739807128906,
    79.72451782226562,
    69.04339599609375,
    62.260292053222656,
    62.485321044921875,
    57.527862548828125,
    59.373756408691406,
    53.18891906738281,
    57.415191650390625,
    51.956031799316406,
    57.27711486816406,
    50.635047912597656,
    50.70654296875,
    49.59794235229492,
    52.326515197753906,
    48.68526840209961,
    47.307498931884766,
    47.734745025634766,
    47.14801025390625,
    47.225433349609375,
    46.662193298339844,
    45.38224792480469,
    46.30868911743164,
    48.695159912109375,
    47.69207000732422,
    48.852752685546875,
    45.543766021728516,
    45.371341705322266,
    45.538352966308594,
    46.1822509765625
  ]
}