{
  "train_loss": [
    54356.968247964345,
    13084.351257152288,
    12140.335069597271,
    11300.16952162192,
    10303.818313985475,
    9828.813977222711,
    9215.63651931118,
    9031.573660321303,
    8626.370489931778,
    8580.883756051937,
    8308.425561179578,
    8174.811805402729,
    8071.229362208407,
    8018.27236465669,
    8017.754359457526,
    7944.014500577685,
    7848.876509545555,
    7845.4457457636445,
    7827.1050451144365,
    7641.657877145687,
    7707.491223316461,
    7518.920539447623,
    7565.776090724032,
    7395.5002324493835,
    7264.9228398712585,
    7397.982511278609,
    7287.036891367738,
    7300.017299598371,
    7305.483153609155,
    7307.361959452025
  ],
  "train_mae_abs": [
    156.85662841796875,
    82.97309112548828,
    79.91292572021484,
    76.94242095947266,
    73.44683074951172,
    71.80796813964844,
    69.19099426269531,
    68.7576904296875,
    67.12014770507812,
    66.8121337890625,
    65.23452758789062,
    65.09910583496094,
    64.77250671386719,
    64.26312255859375,
    64.322021484375,
    64.13795471191406,
    63.783912658691406,
    63.45155334472656,
    63.122337341308594,
    63.15645980834961,
    62.62456512451172,
    61.91928482055664,
    61.92234420776367,
    61.770076751708984,
    60.877811431884766,
    61.03853988647461,
    60.77033615112305,
    61.36564636230469,
    61.24992370605469,
    61.1174430847168
  ],
  "train_mae_em": [
    190.54391479492188,
    95.92283630371094,
    91.7469253540039,
    88.79930877685547,
    84.12545013427734,
    82.35629272460938,
    79.74446868896484,
    78.48096466064453,
    77.13471984863281,
    77.3604507446289,
    75.6941909790039,
    74.82946014404297,
    74.18843078613281,
    73.99537658691406,
    74.38594055175781,
    74.064453125,
    73.70320892333984,
    73.50761413574219,
    73.17752838134766,
    72.64198303222656,
    72.95194244384766,
    72.00589752197266,
    72.27445220947266,
    71.59832763671875,
    70.83071899414062,
    71.60079956054688,
    71.16185760498047,
    71.44542694091797,
    71.48890686035156,
    71.29608154296875
  ],
  "val_loss": [
    11201.290513966182,
    9404.083982702803,
    10530.565804259419,
    7863.935000066888,
    7920.764060660585,
    6114.951837409032,
    6310.088726723031,
    5479.370592091182,
    5377.786310065282,
    5638.12511454543,
    6694.545608311483,
    4928.540741384846,
    4811.702240408284,
    5518.5558580372435,
    6607.955552192583,
    4721.8351340097925,
    5181.386141006261,
    5252.764662651167,
    5190.737630765732,
    4782.485638344125,
    5046.802325105014,
    4618.6876571864295,
    4980.264408477366,
    4737.490326345784,
    5640.47981910183,
    4846.301657480736,
    4710.990213472549,
    4380.968562714041,
    4310.181863027076,
    4435.103930329623
  ],
  "val_mae_abs": [
    77.15487670898438,
    72.15199279785156,
    76.17693328857422,
    65.31138610839844,
    64.58161926269531,
    57.36940383911133,
    57.764747619628906,
    55.1000862121582,
    52.91062927246094,
    54.256900787353516,
    57.313819885253906,
    50.847225189208984,
    52.085105895996094,
    53.36538314819336,
    57.54012680053711,
    50.69175720214844,
    50.251861572265625,
    51.29286575317383,
    52.09713363647461,
    49.2164192199707,
    49.92731475830078,
    47.92142105102539,
    49.5764274597168,
    47.99201202392578,
    53.40631866455078,
    49.31888198852539,
    48.06066131591797,
    45.9659309387207,
    45.93690490722656,
    47.84404754638672
  ],
  "val_mae_em": [
    85.0123519897461,
    80.04999542236328,
    86.08734130859375,
    71.05879211425781,
    72.65325927734375,
    61.471832275390625,
    62.66070556640625,
    58.665435791015625,
    57.76872634887695,
    57.67687225341797,
    65.91316986083984,
    54.87142562866211,
    54.291385650634766,
    57.65455627441406,
    63.25006103515625,
    52.96842575073242,
    56.05888366699219,
    56.30523681640625,
    54.696922302246094,
    52.93275451660156,
    54.79600524902344,
    52.669918060302734,
    54.39265823364258,
    52.95259475708008,
    58.47447967529297,
    53.92108154296875,
    53.069435119628906,
    52.72361373901367,
    51.449859619140625,
    50.67350769042969
  ]
}