{
  "train_loss": [
    33059.775548800615,
    11882.983424570863,
    11192.50596115757,
    10766.105167528609,
    10697.751678036971,
    10335.575045389525,
    10157.239784606074,
    9935.783902536312,
    9779.618802266725,
    9657.042523107395
  ],
  "val_loss": [
    10148.898303724314,
    9652.488150818706,
    9280.098565924658,
    10210.722232348298,
    9420.139050627407,
    9864.481673567263,
    8059.438376230736,
    8490.389182730896,
    7695.3191419627565,
    7673.943750668878
  ],
  "val_mae_abs": [
    79.96246337890625,
    75.1052017211914,
    75.21977996826172,
    71.8375473022461,
    69.65215301513672,
    69.57383728027344,
    68.02501678466797,
    64.84037780761719,
    65.54411315917969,
    66.04365539550781
  ],
  "val_mae_em": [
    80.32249450683594,
    76.16190338134766,
    75.99906921386719,
    76.13517761230469,
    73.509765625,
    75.06687927246094,
    70.1566162109375,
    70.30656433105469,
    70.27626037597656,
    70.52044677734375
  ]
}